{"cameraMode":{"drawMode":0,"name":"Shaded","section":"Shading Mode"},"sceneLighting":true,"audioPlay":false,"sceneViewState":{"m_AlwaysRefresh":false,"showFog":true,"showSkybox":true,"showFlares":true,"showImageEffects":true,"showParticleSystems":true,"showVisualEffectGraphs":true,"m_FxEnabled":true},"in2DMode":false,"pivot":{"x":1.043081283569336e-7,"y":2.064739942550659,"z":0.1920139342546463},"rotation":{"x":-0.009944437071681023,"y":0.9859935641288757,"z":-0.15387223660945893,"w":-0.06369976699352265},"size":2.717029571533203,"orthographic":false}